"","PLAYER_ID","PLAYER_NAME","CLASS","GP","G","SHOT_TYPE","FGA_FREQUENCY","FGM","FGA","FG_PCT","EFG_PCT","FG2A_FREQUENCY","FG2M","FG2A","FG2_PCT","FG3A_FREQUENCY","FG3M","FG3A","FG3_PCT"
"1","201935","James Harden","Overall",51,51,"Overall",1,8.31,18.63,0.446,0.529,0.525,5.24,9.78,0.535,0.475,3.08,8.84,0.348
"2","201935","James Harden","GeneralShooting",51,47,"Catch and Shoot",0.128,0.96,2.39,0.402,0.59,0.006,0.06,0.12,0.5,0.122,0.9,2.27,0.397
"3","201935","James Harden","GeneralShooting",51,51,"Pull Ups",0.503,3.29,9.37,0.351,0.463,0.159,1.2,2.96,0.404,0.344,2.1,6.41,0.327
"4","201935","James Harden","GeneralShooting",51,51,"Less than 10 ft",0.359,3.96,6.69,0.592,0.592,0.359,3.96,6.69,0.592,0,0,0,NA
"5","201935","James Harden","GeneralShooting",51,9,"Other",0.009,0.1,0.18,0.556,0.778,0.001,0.02,0.02,1,0.008,0.08,0.16,0.5
"6","201935","James Harden","ShotClockShooting",51,23,"22-24",0.029,0.35,0.55,0.643,0.75,0.019,0.24,0.35,0.667,0.011,0.12,0.2,0.6
"7","201935","James Harden","ShotClockShooting",51,50,"18-22",0.162,1.71,3.02,0.565,0.685,0.075,0.98,1.39,0.704,0.087,0.73,1.63,0.446
"8","201935","James Harden","ShotClockShooting",51,49,"15-18",0.221,1.96,4.12,0.476,0.557,0.124,1.29,2.31,0.559,0.097,0.67,1.8,0.37
"9","201935","James Harden","ShotClockShooting",51,50,"07-15",0.356,2.96,6.63,0.447,0.521,0.198,1.98,3.69,0.537,0.158,0.98,2.94,0.333
"10","201935","James Harden","ShotClockShooting",51,36,"04-07",0.081,0.37,1.51,0.247,0.286,0.044,0.25,0.82,0.31,0.037,0.12,0.69,0.171
"11","201935","James Harden","ShotClockShooting",51,43,"00-04",0.101,0.55,1.88,0.292,0.365,0.044,0.27,0.82,0.333,0.057,0.27,1.06,0.259
"12","201935","James Harden","ShotClockShooting",51,24,"ShotClock Off",0.045,0.33,0.84,0.395,0.477,0.02,0.2,0.37,0.526,0.025,0.14,0.47,0.292
"13","201935","James Harden","ShotClockShooting",51,3,"Not Captured",0.004,0.08,0.08,1,1.375,0.001,0.02,0.02,1,0.003,0.06,0.06,1
"14","201935","James Harden","DribbleShooting",51,48,"0 Dribbles",0.169,1.43,3.16,0.453,0.609,0.039,0.45,0.73,0.622,0.131,0.98,2.43,0.403
"15","201935","James Harden","DribbleShooting",51,37,"1 Dribble",0.075,0.67,1.39,0.479,0.57,0.033,0.41,0.61,0.677,0.042,0.25,0.78,0.325
"16","201935","James Harden","DribbleShooting",51,38,"2 Dribbles",0.078,0.55,1.45,0.378,0.439,0.052,0.37,0.96,0.388,0.026,0.18,0.49,0.36
"17","201935","James Harden","DribbleShooting",51,50,"3-6 Dribbles",0.308,2.76,5.75,0.481,0.558,0.173,1.88,3.22,0.585,0.136,0.88,2.53,0.349
"18","201935","James Harden","DribbleShooting",51,51,"7+ Dribbles",0.369,2.9,6.88,0.422,0.479,0.229,2.12,4.27,0.495,0.14,0.78,2.61,0.301
"19","201935","James Harden","ClosestDefenderShooting",51,48,"0-2 very tight",0.151,1.35,2.8,0.483,0.514,0.124,1.18,2.31,0.508,0.026,0.18,0.49,0.36
"20","201935","James Harden","ClosestDefenderShooting",51,51,"2-4 tight",0.5,4.2,9.31,0.451,0.524,0.284,2.82,5.29,0.533,0.216,1.37,4.02,0.341
"21","201935","James Harden","ClosestDefenderShooting",51,50,"4-6 open",0.285,2.22,5.31,0.417,0.531,0.097,1,1.8,0.554,0.188,1.22,3.51,0.346
"22","201935","James Harden","ClosestDefenderShooting",51,32,"6+ wide open",0.064,0.55,1.2,0.459,0.59,0.02,0.24,0.37,0.632,0.044,0.31,0.82,0.381
"23","201935","James Harden","ClosestDefender10ftPlusShooting",51,26,"0-2 very tight",0.037,0.25,0.69,0.371,0.5,0.011,0.08,0.2,0.4,0.026,0.18,0.49,0.36
"24","201935","James Harden","ClosestDefender10ftPlusShooting",51,51,"2-4 tight",0.304,2.02,5.67,0.356,0.478,0.088,0.65,1.65,0.393,0.216,1.37,4.02,0.341
"25","201935","James Harden","ClosestDefender10ftPlusShooting",51,50,"4-6 open",0.244,1.69,4.55,0.371,0.504,0.056,0.47,1.04,0.453,0.188,1.22,3.51,0.346
"26","201935","James Harden","ClosestDefender10ftPlusShooting",51,27,"6+ wide open",0.056,0.39,1.04,0.377,0.528,0.012,0.08,0.22,0.364,0.044,0.31,0.82,0.381
"27","201935","James Harden","TouchTimeShooting",51,48,"Touch < 2 Seconds",0.197,1.71,3.67,0.465,0.612,0.056,0.63,1.04,0.604,0.141,1.08,2.63,0.41
"28","201935","James Harden","TouchTimeShooting",51,50,"Touch 2-6 Seconds",0.302,2.8,5.63,0.498,0.582,0.167,1.86,3.12,0.597,0.135,0.94,2.51,0.375
"29","201935","James Harden","TouchTimeShooting",51,51,"Touch 6+ Seconds",0.501,3.8,9.33,0.408,0.464,0.302,2.75,5.63,0.488,0.199,1.06,3.71,0.286
"30","201939","Stephen Curry","Overall",47,47,"Overall",1,8.34,17.74,0.47,0.583,0.452,4.34,8.02,0.541,0.548,4,9.72,0.411
"31","201939","Stephen Curry","GeneralShooting",47,47,"Catch and Shoot",0.3,2.57,5.32,0.484,0.696,0.032,0.32,0.57,0.556,0.267,2.26,4.74,0.475
"32","201939","Stephen Curry","GeneralShooting",47,46,"Pull Ups",0.409,2.64,7.26,0.364,0.477,0.139,1,2.47,0.405,0.27,1.64,4.79,0.342
"33","201939","Stephen Curry","GeneralShooting",47,47,"Less than 10 ft",0.281,3.02,4.98,0.607,0.607,0.281,3.02,4.98,0.607,0,0,0,NA
"34","201939","Stephen Curry","GeneralShooting",47,8,"Other",0.011,0.11,0.19,0.556,0.833,0,0,0,NA,0.011,0.11,0.19,0.556
"35","201939","Stephen Curry","ShotClockShooting",47,16,"22-24",0.029,0.26,0.51,0.5,0.542,0.018,0.21,0.32,0.667,0.011,0.04,0.19,0.222
"36","201939","Stephen Curry","ShotClockShooting",47,45,"18-22",0.237,2.15,4.21,0.51,0.664,0.082,0.85,1.45,0.588,0.156,1.3,2.77,0.469
"37","201939","Stephen Curry","ShotClockShooting",47,45,"15-18",0.213,1.87,3.79,0.494,0.604,0.102,1.04,1.81,0.576,0.112,0.83,1.98,0.419
"38","201939","Stephen Curry","ShotClockShooting",47,46,"07-15",0.367,3.11,6.51,0.477,0.587,0.185,1.68,3.28,0.513,0.182,1.43,3.23,0.441
"39","201939","Stephen Curry","ShotClockShooting",47,30,"04-07",0.072,0.55,1.28,0.433,0.525,0.037,0.32,0.66,0.484,0.035,0.23,0.62,0.379
"40","201939","Stephen Curry","ShotClockShooting",47,22,"00-04",0.034,0.11,0.6,0.179,0.214,0.011,0.06,0.19,0.333,0.023,0.04,0.4,0.105
"41","201939","Stephen Curry","ShotClockShooting",47,17,"ShotClock Off",0.048,0.3,0.85,0.35,0.425,0.018,0.17,0.32,0.533,0.03,0.13,0.53,0.24
"42","201939","Stephen Curry","DribbleShooting",47,47,"0 Dribbles",0.384,3.55,6.81,0.522,0.695,0.106,1.19,1.87,0.636,0.278,2.36,4.94,0.478
"43","201939","Stephen Curry","DribbleShooting",47,43,"1 Dribble",0.127,1.09,2.26,0.481,0.58,0.06,0.64,1.06,0.6,0.067,0.45,1.19,0.375
"44","201939","Stephen Curry","DribbleShooting",47,35,"2 Dribbles",0.08,0.62,1.43,0.433,0.515,0.05,0.38,0.89,0.429,0.03,0.23,0.53,0.44
"45","201939","Stephen Curry","DribbleShooting",47,46,"3-6 Dribbles",0.224,1.6,3.98,0.401,0.471,0.127,1.04,2.26,0.462,0.097,0.55,1.72,0.321
"46","201939","Stephen Curry","DribbleShooting",47,44,"7+ Dribbles",0.185,1.49,3.28,0.455,0.516,0.109,1.09,1.94,0.56,0.076,0.4,1.34,0.302
"47","201939","Stephen Curry","ClosestDefenderShooting",47,38,"0-2 very tight",0.128,1.17,2.28,0.514,0.547,0.106,1.02,1.87,0.545,0.023,0.15,0.4,0.368
"48","201939","Stephen Curry","ClosestDefenderShooting",47,46,"2-4 tight",0.314,2.36,5.57,0.424,0.481,0.194,1.72,3.45,0.5,0.12,0.64,2.13,0.3
"49","201939","Stephen Curry","ClosestDefenderShooting",47,47,"4-6 open",0.366,3.13,6.49,0.482,0.623,0.125,1.3,2.21,0.587,0.241,1.83,4.28,0.428
"50","201939","Stephen Curry","ClosestDefenderShooting",47,44,"6+ wide open",0.192,1.68,3.4,0.494,0.697,0.028,0.3,0.49,0.609,0.164,1.38,2.91,0.474
"51","201939","Stephen Curry","ClosestDefender10ftPlusShooting",47,22,"0-2 very tight",0.043,0.3,0.77,0.389,0.486,0.02,0.15,0.36,0.412,0.023,0.15,0.4,0.368
"52","201939","Stephen Curry","ClosestDefender10ftPlusShooting",47,42,"2-4 tight",0.182,0.98,3.23,0.303,0.401,0.062,0.34,1.11,0.308,0.12,0.64,2.13,0.3
"53","201939","Stephen Curry","ClosestDefender10ftPlusShooting",47,47,"4-6 open",0.307,2.45,5.45,0.449,0.617,0.066,0.62,1.17,0.527,0.241,1.83,4.28,0.428
"54","201939","Stephen Curry","ClosestDefender10ftPlusShooting",47,44,"6+ wide open",0.187,1.6,3.32,0.481,0.689,0.023,0.21,0.4,0.526,0.164,1.38,2.91,0.474
"55","201939","Stephen Curry","TouchTimeShooting",47,47,"Touch < 2 Seconds",0.481,4.36,8.53,0.511,0.666,0.153,1.72,2.72,0.633,0.327,2.64,5.81,0.454
"56","201939","Stephen Curry","TouchTimeShooting",47,46,"Touch 2-6 Seconds",0.327,2.51,5.81,0.432,0.513,0.188,1.57,3.34,0.471,0.139,0.94,2.47,0.379
"57","201939","Stephen Curry","TouchTimeShooting",47,43,"Touch 6+ Seconds",0.192,1.47,3.4,0.431,0.494,0.11,1.04,1.96,0.533,0.082,0.43,1.45,0.294
"58","201142","Kevin Durant","Overall",48,48,"Overall",1,9.35,17.13,0.546,0.603,0.704,7.4,12.06,0.613,0.296,1.96,5.06,0.387
"59","201142","Kevin Durant","GeneralShooting",48,48,"Catch and Shoot",0.285,2.38,4.88,0.487,0.643,0.082,0.85,1.4,0.612,0.203,1.52,3.48,0.437
"60","201142","Kevin Durant","GeneralShooting",48,48,"Pull Ups",0.305,2.17,5.23,0.414,0.452,0.219,1.77,3.75,0.472,0.086,0.4,1.48,0.268
"61","201142","Kevin Durant","GeneralShooting",48,48,"Less than 10 ft",0.376,4.56,6.44,0.709,0.709,0.376,4.56,6.44,0.709,0,0,0,NA
"62","201142","Kevin Durant","GeneralShooting",48,22,"Other",0.034,0.25,0.58,0.429,0.464,0.028,0.21,0.48,0.435,0.006,0.04,0.1,0.4
"63","201142","Kevin Durant","ShotClockShooting",48,24,"22-24",0.043,0.56,0.73,0.771,0.843,0.032,0.46,0.54,0.846,0.011,0.1,0.19,0.556
"64","201142","Kevin Durant","ShotClockShooting",48,45,"18-22",0.193,1.96,3.31,0.591,0.667,0.117,1.46,2,0.729,0.077,0.5,1.31,0.381
"65","201142","Kevin Durant","ShotClockShooting",48,45,"15-18",0.185,1.77,3.17,0.559,0.605,0.131,1.48,2.25,0.657,0.054,0.29,0.92,0.318
"66","201142","Kevin Durant","ShotClockShooting",48,47,"07-15",0.436,4.15,7.46,0.556,0.615,0.327,3.27,5.6,0.584,0.108,0.88,1.85,0.472
"67","201142","Kevin Durant","ShotClockShooting",48,26,"04-07",0.054,0.38,0.92,0.409,0.42,0.043,0.35,0.73,0.486,0.011,0.02,0.19,0.111
"68","201142","Kevin Durant","ShotClockShooting",48,27,"00-04",0.045,0.27,0.77,0.351,0.392,0.028,0.21,0.48,0.435,0.017,0.06,0.29,0.214
"69","201142","Kevin Durant","ShotClockShooting",48,14,"ShotClock Off",0.045,0.27,0.77,0.351,0.419,0.027,0.17,0.46,0.364,0.018,0.1,0.31,0.333
"70","201142","Kevin Durant","DribbleShooting",48,48,"0 Dribbles",0.461,4.6,7.9,0.583,0.682,0.252,3.04,4.31,0.705,0.209,1.56,3.58,0.436
"71","201142","Kevin Durant","DribbleShooting",48,45,"1 Dribble",0.178,1.56,3.04,0.514,0.531,0.159,1.46,2.73,0.534,0.018,0.1,0.31,0.333
"72","201142","Kevin Durant","DribbleShooting",48,43,"2 Dribbles",0.124,0.98,2.13,0.461,0.485,0.103,0.88,1.77,0.494,0.021,0.1,0.35,0.294
"73","201142","Kevin Durant","DribbleShooting",48,44,"3-6 Dribbles",0.17,1.63,2.92,0.557,0.589,0.131,1.44,2.25,0.639,0.039,0.19,0.67,0.281
"74","201142","Kevin Durant","DribbleShooting",48,30,"7+ Dribbles",0.067,0.58,1.15,0.509,0.509,0.058,0.58,1,0.583,0.009,0,0.15,0
"75","201142","Kevin Durant","ClosestDefenderShooting",48,44,"0-2 very tight",0.163,1.56,2.79,0.56,0.567,0.157,1.52,2.69,0.566,0.006,0.04,0.1,0.4
"76","201142","Kevin Durant","ClosestDefenderShooting",48,48,"2-4 tight",0.459,4.15,7.85,0.528,0.56,0.365,3.65,6.25,0.583,0.094,0.5,1.6,0.312
"77","201142","Kevin Durant","ClosestDefenderShooting",48,48,"4-6 open",0.271,2.54,4.65,0.547,0.637,0.145,1.71,2.48,0.689,0.127,0.83,2.17,0.385
"78","201142","Kevin Durant","ClosestDefenderShooting",48,43,"6+ wide open",0.107,1.1,1.83,0.602,0.761,0.038,0.52,0.65,0.806,0.069,0.58,1.19,0.491
"79","201142","Kevin Durant","ClosestDefender10ftPlusShooting",48,19,"0-2 very tight",0.039,0.23,0.67,0.344,0.375,0.033,0.19,0.56,0.333,0.006,0.04,0.1,0.4
"80","201142","Kevin Durant","ClosestDefender10ftPlusShooting",48,47,"2-4 tight",0.277,2.04,4.75,0.43,0.482,0.184,1.54,3.15,0.49,0.094,0.5,1.6,0.312
"81","201142","Kevin Durant","ClosestDefender10ftPlusShooting",48,47,"4-6 open",0.218,1.71,3.73,0.458,0.57,0.091,0.88,1.56,0.56,0.127,0.83,2.17,0.385
"82","201142","Kevin Durant","ClosestDefender10ftPlusShooting",48,40,"6+ wide open",0.09,0.81,1.54,0.527,0.716,0.021,0.23,0.35,0.647,0.069,0.58,1.19,0.491
"83","201142","Kevin Durant","TouchTimeShooting",48,48,"Touch < 2 Seconds",0.557,5.56,9.54,0.583,0.666,0.343,3.98,5.88,0.677,0.214,1.58,3.67,0.432
"84","201142","Kevin Durant","TouchTimeShooting",48,48,"Touch 2-6 Seconds",0.336,2.83,5.75,0.493,0.525,0.268,2.46,4.58,0.536,0.068,0.38,1.17,0.321
"85","201142","Kevin Durant","TouchTimeShooting",48,38,"Touch 6+ Seconds",0.107,0.96,1.83,0.523,0.523,0.094,0.96,1.6,0.597,0.013,0,0.23,0
"86","201566","Russell Westbrook","Overall",48,48,"Overall",1,10.02,23.85,0.42,0.464,0.734,7.92,17.5,0.452,0.266,2.1,6.35,0.331
"87","201566","Russell Westbrook","GeneralShooting",48,36,"Catch and Shoot",0.094,0.79,2.25,0.352,0.472,0.028,0.25,0.67,0.375,0.066,0.54,1.58,0.342
"88","201566","Russell Westbrook","GeneralShooting",48,48,"Pull Ups",0.5,4.42,11.94,0.37,0.432,0.315,2.94,7.52,0.391,0.185,1.48,4.42,0.335
"89","201566","Russell Westbrook","GeneralShooting",48,48,"Less than 10 ft",0.358,4.5,8.54,0.527,0.527,0.358,4.5,8.54,0.527,0,0,0,NA
"90","201566","Russell Westbrook","GeneralShooting",48,33,"Other",0.047,0.31,1.13,0.278,0.315,0.032,0.23,0.77,0.297,0.015,0.08,0.35,0.235
"91","201566","Russell Westbrook","ShotClockShooting",48,34,"22-24",0.044,0.5,1.04,0.48,0.5,0.033,0.46,0.79,0.579,0.01,0.04,0.25,0.167
"92","201566","Russell Westbrook","ShotClockShooting",48,47,"18-22",0.204,2.48,4.88,0.509,0.549,0.159,2.08,3.79,0.549,0.045,0.4,1.08,0.365
"93","201566","Russell Westbrook","ShotClockShooting",48,47,"15-18",0.184,1.83,4.4,0.417,0.464,0.136,1.42,3.25,0.436,0.048,0.42,1.15,0.364
"94","201566","Russell Westbrook","ShotClockShooting",48,47,"07-15",0.413,4.02,9.85,0.408,0.452,0.314,3.15,7.5,0.419,0.099,0.88,2.35,0.372
"95","201566","Russell Westbrook","ShotClockShooting",48,38,"04-07",0.072,0.54,1.73,0.313,0.361,0.045,0.38,1.06,0.353,0.028,0.17,0.67,0.25
"96","201566","Russell Westbrook","ShotClockShooting",48,28,"00-04",0.032,0.25,0.77,0.324,0.432,0.01,0.08,0.25,0.333,0.022,0.17,0.52,0.32
"97","201566","Russell Westbrook","ShotClockShooting",48,17,"ShotClock Off",0.031,0.31,0.73,0.429,0.457,0.019,0.27,0.46,0.591,0.011,0.04,0.27,0.154
"98","201566","Russell Westbrook","ShotClockShooting",48,1,"Not Captured",0.019,0.08,0.46,0.182,0.182,0.017,0.08,0.4,0.211,0.003,0,0.06,0
"99","201566","Russell Westbrook","DribbleShooting",48,47,"0 Dribbles",0.2,1.96,4.77,0.41,0.476,0.119,1.33,2.83,0.471,0.081,0.63,1.94,0.323
"100","201566","Russell Westbrook","DribbleShooting",48,44,"1 Dribble",0.1,0.92,2.38,0.386,0.417,0.066,0.77,1.58,0.487,0.033,0.15,0.79,0.184
"101","201566","Russell Westbrook","DribbleShooting",48,42,"2 Dribbles",0.093,1.02,2.23,0.458,0.491,0.074,0.88,1.77,0.494,0.019,0.15,0.46,0.318
"102","201566","Russell Westbrook","DribbleShooting",48,48,"3-6 Dribbles",0.281,2.85,6.71,0.425,0.461,0.221,2.38,5.27,0.451,0.06,0.48,1.44,0.333
"103","201566","Russell Westbrook","DribbleShooting",48,48,"7+ Dribbles",0.326,3.27,7.77,0.421,0.466,0.253,2.56,6.04,0.424,0.072,0.71,1.73,0.41
"104","201566","Russell Westbrook","ClosestDefenderShooting",48,46,"0-2 very tight",0.19,2,4.54,0.44,0.445,0.184,1.96,4.4,0.445,0.006,0.04,0.15,0.286
"105","201566","Russell Westbrook","ClosestDefenderShooting",48,48,"2-4 tight",0.39,3.96,9.29,0.426,0.447,0.328,3.56,7.83,0.455,0.061,0.4,1.46,0.271
"106","201566","Russell Westbrook","ClosestDefenderShooting",48,48,"4-6 open",0.317,2.96,7.56,0.391,0.455,0.192,2,4.58,0.436,0.125,0.96,2.98,0.322
"107","201566","Russell Westbrook","ClosestDefenderShooting",48,45,"6+ wide open",0.103,1.1,2.46,0.449,0.593,0.029,0.4,0.69,0.576,0.074,0.71,1.77,0.4
"108","201566","Russell Westbrook","ClosestDefender10ftPlusShooting",48,27,"0-2 very tight",0.033,0.21,0.79,0.263,0.289,0.027,0.17,0.65,0.258,0.006,0.04,0.15,0.286
"109","201566","Russell Westbrook","ClosestDefender10ftPlusShooting",48,48,"2-4 tight",0.232,2.08,5.54,0.376,0.412,0.171,1.69,4.08,0.413,0.061,0.4,1.46,0.271
"110","201566","Russell Westbrook","ClosestDefender10ftPlusShooting",48,48,"4-6 open",0.282,2.33,6.73,0.347,0.418,0.157,1.38,3.75,0.367,0.125,0.96,2.98,0.322
"111","201566","Russell Westbrook","ClosestDefender10ftPlusShooting",48,44,"6+ wide open",0.094,0.9,2.25,0.398,0.556,0.02,0.19,0.48,0.391,0.074,0.71,1.77,0.4
"112","201566","Russell Westbrook","TouchTimeShooting",48,47,"Touch < 2 Seconds",0.195,2.13,4.65,0.457,0.525,0.109,1.5,2.6,0.576,0.086,0.63,2.04,0.306
"113","201566","Russell Westbrook","TouchTimeShooting",48,48,"Touch 2-6 Seconds",0.417,4.15,9.96,0.416,0.448,0.328,3.52,7.83,0.449,0.089,0.63,2.13,0.294
"114","201566","Russell Westbrook","TouchTimeShooting",48,48,"Touch 6+ Seconds",0.388,3.75,9.25,0.405,0.452,0.296,2.9,7.06,0.41,0.092,0.85,2.19,0.39
"115","2544","LeBron James","Overall",43,43,"Overall",1,9.51,18.16,0.524,0.569,0.75,7.88,13.63,0.578,0.25,1.63,4.53,0.359
"116","2544","LeBron James","GeneralShooting",43,37,"Catch and Shoot",0.105,0.81,1.91,0.427,0.604,0.02,0.14,0.37,0.375,0.085,0.67,1.53,0.439
"117","2544","LeBron James","GeneralShooting",43,42,"Pull Ups",0.348,2.23,6.33,0.353,0.415,0.207,1.44,3.77,0.383,0.141,0.79,2.56,0.309
"118","2544","LeBron James","GeneralShooting",43,43,"Less than 10 ft",0.508,6.23,9.23,0.675,0.675,0.508,6.23,9.23,0.675,0,0,0,NA
"119","2544","LeBron James","GeneralShooting",43,21,"Other",0.038,0.23,0.7,0.333,0.45,0.014,0.07,0.26,0.273,0.024,0.16,0.44,0.368
"120","2544","LeBron James","ShotClockShooting",43,24,"22-24",0.042,0.53,0.77,0.697,0.712,0.037,0.51,0.67,0.759,0.005,0.02,0.09,0.25
"121","2544","LeBron James","ShotClockShooting",43,43,"18-22",0.197,2.47,3.58,0.688,0.724,0.163,2.21,2.95,0.748,0.035,0.26,0.63,0.407
"122","2544","LeBron James","ShotClockShooting",43,41,"15-18",0.156,1.35,2.84,0.475,0.525,0.111,1.07,2.02,0.529,0.045,0.28,0.81,0.343
"123","2544","LeBron James","ShotClockShooting",43,43,"07-15",0.369,3.51,6.7,0.524,0.573,0.28,2.86,5.09,0.562,0.088,0.65,1.6,0.406
"124","2544","LeBron James","ShotClockShooting",43,39,"04-07",0.123,0.84,2.23,0.375,0.417,0.086,0.65,1.56,0.418,0.037,0.19,0.67,0.276
"125","2544","LeBron James","ShotClockShooting",43,34,"00-04",0.104,0.74,1.88,0.395,0.457,0.069,0.51,1.26,0.407,0.035,0.23,0.63,0.37
"126","2544","LeBron James","ShotClockShooting",43,6,"ShotClock Off",0.008,0.07,0.14,0.5,0.5,0.004,0.07,0.07,1,0.004,0,0.07,0
"127","2544","LeBron James","ShotClockShooting",43,1,"Not Captured",0.001,0,0.02,0,0,0,0,0,NA,0.001,0,0.02,0
"128","2544","LeBron James","DribbleShooting",43,43,"0 Dribbles",0.28,3.07,5.09,0.603,0.685,0.172,2.23,3.12,0.716,0.109,0.84,1.98,0.424
"129","2544","LeBron James","DribbleShooting",43,35,"1 Dribble",0.106,0.95,1.93,0.494,0.512,0.082,0.88,1.49,0.594,0.024,0.07,0.44,0.158
"130","2544","LeBron James","DribbleShooting",43,35,"2 Dribbles",0.093,0.74,1.7,0.438,0.459,0.085,0.67,1.53,0.439,0.009,0.07,0.16,0.429
"131","2544","LeBron James","DribbleShooting",43,42,"3-6 Dribbles",0.265,2.56,4.81,0.531,0.57,0.214,2.19,3.88,0.563,0.051,0.37,0.93,0.4
"132","2544","LeBron James","DribbleShooting",43,43,"7+ Dribbles",0.255,2.19,4.63,0.472,0.503,0.198,1.91,3.6,0.529,0.056,0.28,1.02,0.273
"133","2544","LeBron James","ClosestDefenderShooting",43,37,"0-2 very tight",0.159,1.67,2.88,0.581,0.581,0.159,1.67,2.88,0.581,0,0,0,NA
"134","2544","LeBron James","ClosestDefenderShooting",43,43,"2-4 tight",0.384,3.84,6.98,0.55,0.563,0.343,3.65,6.23,0.586,0.041,0.19,0.74,0.25
"135","2544","LeBron James","ClosestDefenderShooting",43,43,"4-6 open",0.316,2.72,5.74,0.474,0.538,0.2,1.98,3.63,0.545,0.117,0.74,2.12,0.352
"136","2544","LeBron James","ClosestDefenderShooting",43,40,"6+ wide open",0.141,1.28,2.56,0.5,0.636,0.049,0.58,0.88,0.658,0.092,0.7,1.67,0.417
"137","2544","LeBron James","ClosestDefender10ftPlusShooting",43,4,"0-2 very tight",0.005,0.07,0.09,0.75,0.75,0.005,0.07,0.09,0.75,0,0,0,NA
"138","2544","LeBron James","ClosestDefender10ftPlusShooting",43,39,"2-4 tight",0.123,0.65,2.23,0.292,0.333,0.082,0.47,1.49,0.313,0.041,0.19,0.74,0.25
"139","2544","LeBron James","ClosestDefender10ftPlusShooting",43,42,"4-6 open",0.252,1.77,4.58,0.386,0.467,0.136,1.02,2.47,0.415,0.117,0.74,2.12,0.352
"140","2544","LeBron James","ClosestDefender10ftPlusShooting",43,36,"6+ wide open",0.111,0.79,2.02,0.391,0.563,0.019,0.09,0.35,0.267,0.092,0.7,1.67,0.417
"141","2544","LeBron James","TouchTimeShooting",43,43,"Touch < 2 Seconds",0.275,3.28,5,0.656,0.726,0.187,2.58,3.4,0.76,0.088,0.7,1.6,0.435
"142","2544","LeBron James","TouchTimeShooting",43,43,"Touch 2-6 Seconds",0.373,3.35,6.77,0.495,0.527,0.291,2.91,5.28,0.551,0.082,0.44,1.49,0.297
"143","2544","LeBron James","TouchTimeShooting",43,43,"Touch 6+ Seconds",0.352,2.88,6.4,0.451,0.489,0.273,2.4,4.95,0.484,0.079,0.49,1.44,0.339
"144","202695","Kawhi Leonard","Overall",42,42,"Overall",1,8.24,17.02,0.484,0.545,0.702,6.14,11.95,0.514,0.298,2.1,5.07,0.413
"145","202695","Kawhi Leonard","GeneralShooting",42,42,"Catch and Shoot",0.267,2.12,4.55,0.466,0.631,0.071,0.62,1.21,0.51,0.196,1.5,3.33,0.45
"146","202695","Kawhi Leonard","GeneralShooting",42,42,"Pull Ups",0.427,3.17,7.26,0.436,0.475,0.329,2.6,5.6,0.464,0.098,0.57,1.67,0.343
"147","202695","Kawhi Leonard","GeneralShooting",42,42,"Less than 10 ft",0.292,2.81,4.98,0.565,0.565,0.292,2.81,4.98,0.565,0,0,0,NA
"148","202695","Kawhi Leonard","GeneralShooting",42,9,"Other",0.014,0.14,0.24,0.6,0.65,0.01,0.12,0.17,0.714,0.004,0.02,0.07,0.333
"149","202695","Kawhi Leonard","ShotClockShooting",42,15,"22-24",0.038,0.38,0.64,0.593,0.611,0.032,0.36,0.55,0.652,0.006,0.02,0.1,0.25
"150","202695","Kawhi Leonard","ShotClockShooting",42,36,"18-22",0.116,1.02,1.98,0.518,0.578,0.069,0.79,1.17,0.673,0.048,0.24,0.81,0.294
"151","202695","Kawhi Leonard","ShotClockShooting",42,35,"15-18",0.117,0.88,2,0.44,0.518,0.08,0.57,1.36,0.421,0.038,0.31,0.64,0.481
"152","202695","Kawhi Leonard","ShotClockShooting",42,41,"07-15",0.47,4.02,8,0.503,0.571,0.337,2.93,5.74,0.51,0.133,1.1,2.26,0.484
"153","202695","Kawhi Leonard","ShotClockShooting",42,35,"04-07",0.143,1.1,2.43,0.451,0.5,0.109,0.86,1.86,0.462,0.034,0.24,0.57,0.417
"154","202695","Kawhi Leonard","ShotClockShooting",42,25,"00-04",0.06,0.43,1.02,0.419,0.488,0.035,0.29,0.6,0.48,0.025,0.14,0.43,0.333
"155","202695","Kawhi Leonard","ShotClockShooting",42,10,"ShotClock Off",0.022,0.14,0.38,0.375,0.375,0.017,0.14,0.29,0.5,0.006,0,0.1,0
"156","202695","Kawhi Leonard","ShotClockShooting",42,3,"Not Captured",0.034,0.26,0.57,0.458,0.5,0.024,0.21,0.4,0.529,0.01,0.05,0.17,0.286
"157","202695","Kawhi Leonard","DribbleShooting",42,42,"0 Dribbles",0.348,3.05,5.93,0.514,0.643,0.148,1.52,2.52,0.604,0.2,1.52,3.4,0.448
"158","202695","Kawhi Leonard","DribbleShooting",42,39,"1 Dribble",0.133,0.98,2.26,0.432,0.468,0.109,0.81,1.86,0.436,0.024,0.17,0.4,0.412
"159","202695","Kawhi Leonard","DribbleShooting",42,38,"2 Dribbles",0.151,1.43,2.57,0.556,0.574,0.134,1.33,2.29,0.583,0.017,0.1,0.29,0.333
"160","202695","Kawhi Leonard","DribbleShooting",42,41,"3-6 Dribbles",0.229,1.83,3.9,0.47,0.497,0.189,1.62,3.21,0.504,0.041,0.21,0.69,0.31
"161","202695","Kawhi Leonard","DribbleShooting",42,38,"7+ Dribbles",0.138,0.95,2.36,0.404,0.424,0.122,0.86,2.07,0.414,0.017,0.1,0.29,0.333
"162","202695","Kawhi Leonard","ClosestDefenderShooting",42,40,"0-2 very tight",0.148,0.93,2.52,0.368,0.368,0.145,0.93,2.48,0.375,0.003,0,0.05,0
"163","202695","Kawhi Leonard","ClosestDefenderShooting",42,42,"2-4 tight",0.358,2.93,6.1,0.48,0.506,0.308,2.62,5.24,0.5,0.05,0.31,0.86,0.361
"164","202695","Kawhi Leonard","ClosestDefenderShooting",42,42,"4-6 open",0.366,3.29,6.24,0.527,0.62,0.204,2.12,3.48,0.61,0.162,1.17,2.76,0.422
"165","202695","Kawhi Leonard","ClosestDefenderShooting",42,38,"6+ wide open",0.127,1.1,2.17,0.505,0.648,0.045,0.48,0.76,0.625,0.083,0.62,1.4,0.441
"166","202695","Kawhi Leonard","ClosestDefender10ftPlusShooting",42,20,"0-2 very tight",0.034,0.19,0.57,0.333,0.333,0.031,0.19,0.52,0.364,0.003,0,0.05,0
"167","202695","Kawhi Leonard","ClosestDefender10ftPlusShooting",42,42,"2-4 tight",0.229,1.57,3.9,0.402,0.442,0.179,1.26,3.05,0.414,0.05,0.31,0.86,0.361
"168","202695","Kawhi Leonard","ClosestDefender10ftPlusShooting",42,42,"4-6 open",0.329,2.76,5.6,0.494,0.598,0.166,1.6,2.83,0.563,0.162,1.17,2.76,0.422
"169","202695","Kawhi Leonard","ClosestDefender10ftPlusShooting",42,38,"6+ wide open",0.116,0.9,1.98,0.458,0.614,0.034,0.29,0.57,0.5,0.083,0.62,1.4,0.441
"170","202695","Kawhi Leonard","TouchTimeShooting",42,42,"Touch < 2 Seconds",0.399,3.43,6.79,0.505,0.621,0.19,1.86,3.24,0.574,0.208,1.57,3.55,0.443
"171","202695","Kawhi Leonard","TouchTimeShooting",42,42,"Touch 2-6 Seconds",0.414,3.52,7.05,0.5,0.524,0.351,3.19,5.98,0.534,0.063,0.33,1.07,0.311
"172","202695","Kawhi Leonard","TouchTimeShooting",42,41,"Touch 6+ Seconds",0.187,1.29,3.19,0.403,0.433,0.161,1.1,2.74,0.4,0.027,0.19,0.45,0.421
"173","101108","Chris Paul","Overall",36,36,"Overall",1,5.81,12.31,0.472,0.551,0.6,3.86,7.39,0.523,0.4,1.94,4.92,0.395
"174","101108","Chris Paul","GeneralShooting",36,27,"Catch and Shoot",0.108,0.58,1.33,0.438,0.625,0.016,0.08,0.19,0.429,0.093,0.5,1.14,0.439
"175","101108","Chris Paul","GeneralShooting",36,36,"Pull Ups",0.731,4.11,9,0.457,0.534,0.44,2.72,5.42,0.503,0.291,1.39,3.58,0.388
"176","101108","Chris Paul","GeneralShooting",36,26,"Less than 10 ft",0.144,1.06,1.78,0.594,0.594,0.144,1.06,1.78,0.594,0,0,0,NA
"177","101108","Chris Paul","GeneralShooting",36,7,"Other",0.016,0.06,0.19,0.286,0.429,0,0,0,NA,0.016,0.06,0.19,0.286
"178","101108","Chris Paul","ShotClockShooting",36,10,"22-24",0.029,0.22,0.36,0.615,0.731,0.016,0.14,0.19,0.714,0.014,0.08,0.17,0.5
"179","101108","Chris Paul","ShotClockShooting",36,28,"18-22",0.163,1,2,0.5,0.625,0.084,0.5,1.03,0.486,0.079,0.5,0.97,0.514
"180","101108","Chris Paul","ShotClockShooting",36,32,"15-18",0.172,0.89,2.11,0.421,0.447,0.133,0.78,1.64,0.475,0.038,0.11,0.47,0.235
"181","101108","Chris Paul","ShotClockShooting",36,35,"07-15",0.366,2.33,4.5,0.519,0.577,0.255,1.81,3.14,0.575,0.111,0.53,1.36,0.388
"182","101108","Chris Paul","ShotClockShooting",36,23,"04-07",0.104,0.67,1.28,0.522,0.641,0.054,0.36,0.67,0.542,0.05,0.31,0.61,0.5
"183","101108","Chris Paul","ShotClockShooting",36,24,"00-04",0.129,0.47,1.58,0.298,0.404,0.043,0.14,0.53,0.263,0.086,0.33,1.06,0.316
"184","101108","Chris Paul","ShotClockShooting",36,3,"ShotClock Off",0.014,0.08,0.17,0.5,0.583,0.005,0.06,0.06,1,0.009,0.03,0.11,0.25
"185","101108","Chris Paul","ShotClockShooting",36,1,"Not Captured",0.025,0.14,0.31,0.455,0.545,0.011,0.08,0.14,0.6,0.014,0.06,0.17,0.333
"186","101108","Chris Paul","DribbleShooting",36,29,"0 Dribbles",0.131,0.72,1.61,0.448,0.621,0.023,0.17,0.28,0.6,0.108,0.56,1.33,0.417
"187","101108","Chris Paul","DribbleShooting",36,24,"1 Dribble",0.102,0.5,1.25,0.4,0.456,0.05,0.36,0.61,0.591,0.052,0.14,0.64,0.217
"188","101108","Chris Paul","DribbleShooting",36,21,"2 Dribbles",0.086,0.44,1.06,0.421,0.5,0.052,0.28,0.64,0.435,0.034,0.17,0.42,0.4
"189","101108","Chris Paul","DribbleShooting",36,35,"3-6 Dribbles",0.321,1.89,3.94,0.479,0.546,0.208,1.36,2.56,0.533,0.113,0.53,1.39,0.38
"190","101108","Chris Paul","DribbleShooting",36,36,"7+ Dribbles",0.361,2.25,4.44,0.506,0.569,0.269,1.69,3.31,0.513,0.093,0.56,1.14,0.488
"191","101108","Chris Paul","ClosestDefenderShooting",36,15,"0-2 very tight",0.056,0.33,0.69,0.48,0.52,0.041,0.28,0.5,0.556,0.016,0.06,0.19,0.286
"192","101108","Chris Paul","ClosestDefenderShooting",36,35,"2-4 tight",0.291,1.58,3.58,0.442,0.457,0.235,1.47,2.89,0.51,0.056,0.11,0.69,0.16
"193","101108","Chris Paul","ClosestDefenderShooting",36,36,"4-6 open",0.47,2.72,5.78,0.471,0.567,0.257,1.61,3.17,0.509,0.212,1.11,2.61,0.426
"194","101108","Chris Paul","ClosestDefenderShooting",36,31,"6+ wide open",0.183,1.17,2.25,0.519,0.667,0.068,0.5,0.83,0.6,0.115,0.67,1.42,0.471
"195","101108","Chris Paul","ClosestDefender10ftPlusShooting",36,10,"0-2 very tight",0.025,0.06,0.31,0.182,0.273,0.009,0,0.11,0,0.016,0.06,0.19,0.286
"196","101108","Chris Paul","ClosestDefender10ftPlusShooting",36,33,"2-4 tight",0.221,1.14,2.72,0.418,0.439,0.165,1.03,2.03,0.507,0.056,0.11,0.69,0.16
"197","101108","Chris Paul","ClosestDefender10ftPlusShooting",36,36,"4-6 open",0.438,2.44,5.39,0.454,0.557,0.226,1.33,2.78,0.48,0.212,1.11,2.61,0.426
"198","101108","Chris Paul","ClosestDefender10ftPlusShooting",36,30,"6+ wide open",0.172,1.11,2.11,0.526,0.684,0.056,0.44,0.69,0.64,0.115,0.67,1.42,0.471
"199","101108","Chris Paul","TouchTimeShooting",36,31,"Touch < 2 Seconds",0.167,0.86,2.06,0.419,0.554,0.045,0.31,0.56,0.55,0.122,0.56,1.5,0.37
"200","101108","Chris Paul","TouchTimeShooting",36,36,"Touch 2-6 Seconds",0.422,2.44,5.19,0.471,0.548,0.253,1.64,3.11,0.527,0.169,0.81,2.08,0.387
"201","101108","Chris Paul","TouchTimeShooting",36,36,"Touch 6+ Seconds",0.411,2.5,5.06,0.495,0.552,0.302,1.92,3.72,0.515,0.108,0.58,1.33,0.438
"202","200768","Kyle Lowry","Overall",46,46,"Overall",1,7.11,15.2,0.468,0.574,0.505,3.89,7.67,0.507,0.495,3.22,7.52,0.428
"203","200768","Kyle Lowry","GeneralShooting",46,44,"Catch and Shoot",0.225,1.52,3.41,0.446,0.659,0.01,0.07,0.15,0.429,0.215,1.46,3.26,0.447
"204","200768","Kyle Lowry","GeneralShooting",46,46,"Pull Ups",0.403,2.57,6.13,0.418,0.562,0.13,0.8,1.98,0.407,0.273,1.76,4.15,0.424
"205","200768","Kyle Lowry","GeneralShooting",46,46,"Less than 10 ft",0.363,3.02,5.52,0.547,0.547,0.363,3.02,5.52,0.547,0,0,0,NA
"206","200768","Kyle Lowry","GeneralShooting",46,5,"Other",0.009,0,0.13,0,0,0.001,0,0.02,0,0.007,0,0.11,0
"207","200768","Kyle Lowry","ShotClockShooting",46,15,"22-24",0.029,0.13,0.43,0.3,0.4,0.011,0.04,0.17,0.25,0.017,0.09,0.26,0.333
"208","200768","Kyle Lowry","ShotClockShooting",46,43,"18-22",0.192,1.7,2.91,0.582,0.728,0.087,0.85,1.33,0.639,0.104,0.85,1.59,0.534
"209","200768","Kyle Lowry","ShotClockShooting",46,41,"15-18",0.156,1.04,2.37,0.44,0.56,0.077,0.48,1.17,0.407,0.079,0.57,1.2,0.473
"210","200768","Kyle Lowry","ShotClockShooting",46,45,"07-15",0.403,2.83,6.13,0.461,0.551,0.212,1.72,3.22,0.534,0.192,1.11,2.91,0.381
"211","200768","Kyle Lowry","ShotClockShooting",46,40,"04-07",0.097,0.7,1.48,0.471,0.566,0.049,0.41,0.74,0.559,0.049,0.28,0.74,0.382
"212","200768","Kyle Lowry","ShotClockShooting",46,33,"00-04",0.086,0.59,1.3,0.45,0.542,0.053,0.35,0.8,0.432,0.033,0.24,0.5,0.478
"213","200768","Kyle Lowry","ShotClockShooting",46,10,"ShotClock Off",0.021,0.07,0.33,0.2,0.3,0.006,0,0.09,0,0.016,0.07,0.24,0.273
"214","200768","Kyle Lowry","ShotClockShooting",46,1,"Not Captured",0.016,0.07,0.24,0.273,0.318,0.01,0.04,0.15,0.286,0.006,0.02,0.09,0.25
"215","200768","Kyle Lowry","DribbleShooting",46,44,"0 Dribbles",0.269,1.85,4.09,0.452,0.63,0.047,0.39,0.72,0.545,0.222,1.46,3.37,0.432
"216","200768","Kyle Lowry","DribbleShooting",46,36,"1 Dribble",0.092,0.67,1.39,0.484,0.648,0.026,0.22,0.39,0.556,0.066,0.46,1,0.457
"217","200768","Kyle Lowry","DribbleShooting",46,35,"2 Dribbles",0.094,0.59,1.43,0.409,0.477,0.057,0.39,0.87,0.45,0.037,0.2,0.57,0.346
"218","200768","Kyle Lowry","DribbleShooting",46,44,"3-6 Dribbles",0.289,2,4.39,0.455,0.52,0.199,1.43,3.02,0.475,0.09,0.57,1.37,0.413
"219","200768","Kyle Lowry","DribbleShooting",46,45,"7+ Dribbles",0.256,2,3.89,0.514,0.584,0.176,1.46,2.67,0.545,0.08,0.54,1.22,0.446
"220","200768","Kyle Lowry","ClosestDefenderShooting",46,39,"0-2 very tight",0.162,1.15,2.46,0.469,0.491,0.139,1.04,2.11,0.495,0.023,0.11,0.35,0.313
"221","200768","Kyle Lowry","ClosestDefenderShooting",46,45,"2-4 tight",0.388,2.61,5.89,0.443,0.502,0.252,1.91,3.83,0.5,0.136,0.7,2.07,0.337
"222","200768","Kyle Lowry","ClosestDefenderShooting",46,46,"4-6 open",0.32,2.37,4.87,0.487,0.645,0.099,0.83,1.5,0.551,0.222,1.54,3.37,0.458
"223","200768","Kyle Lowry","ClosestDefenderShooting",46,41,"6+ wide open",0.13,0.98,1.98,0.495,0.714,0.016,0.11,0.24,0.455,0.114,0.87,1.74,0.5
"224","200768","Kyle Lowry","ClosestDefender10ftPlusShooting",46,18,"0-2 very tight",0.03,0.15,0.46,0.333,0.452,0.007,0.04,0.11,0.4,0.023,0.11,0.35,0.313
"225","200768","Kyle Lowry","ClosestDefender10ftPlusShooting",46,43,"2-4 tight",0.203,1.11,3.09,0.359,0.472,0.067,0.41,1.02,0.404,0.136,0.7,2.07,0.337
"226","200768","Kyle Lowry","ClosestDefender10ftPlusShooting",46,45,"4-6 open",0.279,1.91,4.24,0.451,0.633,0.057,0.37,0.87,0.425,0.222,1.54,3.37,0.458
"227","200768","Kyle Lowry","ClosestDefender10ftPlusShooting",46,40,"6+ wide open",0.124,0.91,1.89,0.483,0.713,0.01,0.04,0.15,0.286,0.114,0.87,1.74,0.5
"228","200768","Kyle Lowry","TouchTimeShooting",46,45,"Touch < 2 Seconds",0.31,2.2,4.72,0.465,0.65,0.054,0.46,0.83,0.553,0.256,1.74,3.89,0.447
"229","200768","Kyle Lowry","TouchTimeShooting",46,45,"Touch 2-6 Seconds",0.389,2.67,5.91,0.452,0.528,0.242,1.78,3.67,0.485,0.147,0.89,2.24,0.398
"230","200768","Kyle Lowry","TouchTimeShooting",46,45,"Touch 6+ Seconds",0.3,2.24,4.57,0.49,0.555,0.209,1.65,3.17,0.521,0.092,0.59,1.39,0.422
"231","202738","Isaiah Thomas","Overall",43,43,"Overall",1,9.23,19.81,0.466,0.544,0.595,6.14,11.79,0.521,0.405,3.09,8.02,0.386
"232","202738","Isaiah Thomas","GeneralShooting",43,41,"Catch and Shoot",0.211,1.7,4.19,0.406,0.589,0.019,0.16,0.37,0.438,0.192,1.53,3.81,0.402
"233","202738","Isaiah Thomas","GeneralShooting",43,43,"Pull Ups",0.337,2.86,6.67,0.429,0.54,0.135,1.37,2.67,0.513,0.202,1.49,4,0.372
"234","202738","Isaiah Thomas","GeneralShooting",43,43,"Less than 10 ft",0.439,4.58,8.7,0.527,0.527,0.439,4.58,8.7,0.527,0,0,0,NA
"235","202738","Isaiah Thomas","GeneralShooting",43,11,"Other",0.013,0.09,0.26,0.364,0.5,0.002,0.02,0.05,0.5,0.011,0.07,0.21,0.333
"236","202738","Isaiah Thomas","ShotClockShooting",43,23,"22-24",0.039,0.42,0.77,0.545,0.636,0.022,0.28,0.44,0.632,0.016,0.14,0.33,0.429
"237","202738","Isaiah Thomas","ShotClockShooting",43,39,"18-22",0.154,1.67,3.05,0.55,0.626,0.094,1.21,1.86,0.65,0.06,0.47,1.19,0.392
"238","202738","Isaiah Thomas","ShotClockShooting",43,40,"15-18",0.175,1.72,3.47,0.497,0.567,0.107,1.23,2.12,0.582,0.068,0.49,1.35,0.362
"239","202738","Isaiah Thomas","ShotClockShooting",43,42,"07-15",0.459,4.07,9.09,0.448,0.527,0.282,2.63,5.58,0.471,0.177,1.44,3.51,0.411
"240","202738","Isaiah Thomas","ShotClockShooting",43,36,"04-07",0.077,0.67,1.53,0.439,0.538,0.039,0.37,0.77,0.485,0.039,0.3,0.77,0.394
"241","202738","Isaiah Thomas","ShotClockShooting",43,30,"00-04",0.049,0.3,0.98,0.31,0.369,0.023,0.19,0.47,0.4,0.026,0.12,0.51,0.227
"242","202738","Isaiah Thomas","ShotClockShooting",43,12,"ShotClock Off",0.021,0.14,0.42,0.333,0.417,0.009,0.07,0.19,0.375,0.012,0.07,0.23,0.3
"243","202738","Isaiah Thomas","ShotClockShooting",43,2,"Not Captured",0.026,0.23,0.51,0.455,0.523,0.019,0.16,0.37,0.438,0.007,0.07,0.14,0.5
"244","202738","Isaiah Thomas","DribbleShooting",43,42,"0 Dribbles",0.262,2.3,5.19,0.444,0.599,0.059,0.7,1.16,0.6,0.203,1.6,4.02,0.399
"245","202738","Isaiah Thomas","DribbleShooting",43,38,"1 Dribble",0.136,1.23,2.7,0.457,0.53,0.081,0.84,1.6,0.522,0.055,0.4,1.09,0.362
"246","202738","Isaiah Thomas","DribbleShooting",43,41,"2 Dribbles",0.129,1.26,2.56,0.491,0.541,0.101,1,2,0.5,0.028,0.26,0.56,0.458
"247","202738","Isaiah Thomas","DribbleShooting",43,43,"3-6 Dribbles",0.242,2.4,4.79,0.5,0.551,0.174,1.91,3.44,0.554,0.068,0.49,1.35,0.362
"248","202738","Isaiah Thomas","DribbleShooting",43,43,"7+ Dribbles",0.231,2.05,4.58,0.447,0.485,0.181,1.7,3.58,0.474,0.05,0.35,1,0.349
"249","202738","Isaiah Thomas","ClosestDefenderShooting",43,43,"0-2 very tight",0.218,2.05,4.33,0.473,0.481,0.197,1.98,3.91,0.506,0.021,0.07,0.42,0.167
"250","202738","Isaiah Thomas","ClosestDefenderShooting",43,43,"2-4 tight",0.44,4.12,8.72,0.472,0.54,0.278,2.93,5.51,0.532,0.162,1.19,3.21,0.37
"251","202738","Isaiah Thomas","ClosestDefenderShooting",43,43,"4-6 open",0.268,2.4,5.3,0.452,0.572,0.107,1.12,2.12,0.527,0.161,1.28,3.19,0.401
"252","202738","Isaiah Thomas","ClosestDefenderShooting",43,30,"6+ wide open",0.074,0.67,1.47,0.46,0.651,0.013,0.12,0.26,0.455,0.061,0.56,1.21,0.462
"253","202738","Isaiah Thomas","ClosestDefender10ftPlusShooting",43,23,"0-2 very tight",0.034,0.19,0.67,0.276,0.328,0.013,0.12,0.26,0.455,0.021,0.07,0.42,0.167
"254","202738","Isaiah Thomas","ClosestDefender10ftPlusShooting",43,43,"2-4 tight",0.23,1.86,4.56,0.408,0.538,0.068,0.67,1.35,0.5,0.162,1.19,3.21,0.37
"255","202738","Isaiah Thomas","ClosestDefender10ftPlusShooting",43,43,"4-6 open",0.229,1.98,4.53,0.436,0.577,0.068,0.7,1.35,0.517,0.161,1.28,3.19,0.401
"256","202738","Isaiah Thomas","ClosestDefender10ftPlusShooting",43,30,"6+ wide open",0.068,0.63,1.35,0.466,0.672,0.007,0.07,0.14,0.5,0.061,0.56,1.21,0.462
"257","202738","Isaiah Thomas","TouchTimeShooting",43,43,"Touch < 2 Seconds",0.34,3.05,6.74,0.452,0.586,0.112,1.23,2.21,0.558,0.229,1.81,4.53,0.4
"258","202738","Isaiah Thomas","TouchTimeShooting",43,43,"Touch 2-6 Seconds",0.424,3.98,8.4,0.474,0.529,0.296,3.05,5.86,0.52,0.128,0.93,2.53,0.367
"259","202738","Isaiah Thomas","TouchTimeShooting",43,43,"Touch 6+ Seconds",0.236,2.21,4.67,0.473,0.51,0.188,1.86,3.72,0.5,0.048,0.35,0.95,0.366
"260","203507","Giannis Antetokounmpo","Overall",46,46,"Overall",1,8.52,16.11,0.529,0.552,0.843,7.78,13.59,0.573,0.157,0.74,2.52,0.293
"261","203507","Giannis Antetokounmpo","GeneralShooting",46,37,"Catch and Shoot",0.109,0.54,1.76,0.309,0.438,0.016,0.09,0.26,0.333,0.093,0.46,1.5,0.304
"262","203507","Giannis Antetokounmpo","GeneralShooting",46,45,"Pull Ups",0.244,1.39,3.93,0.354,0.384,0.192,1.15,3.09,0.373,0.053,0.24,0.85,0.282
"263","203507","Giannis Antetokounmpo","GeneralShooting",46,46,"Less than 10 ft",0.63,6.5,10.15,0.64,0.64,0.63,6.5,10.15,0.64,0,0,0,NA
"264","203507","Giannis Antetokounmpo","GeneralShooting",46,9,"Other",0.016,0.09,0.26,0.333,0.417,0.005,0.04,0.09,0.5,0.011,0.04,0.17,0.25
"265","203507","Giannis Antetokounmpo","ShotClockShooting",46,29,"22-24",0.07,0.83,1.13,0.731,0.74,0.066,0.8,1.07,0.755,0.004,0.02,0.07,0.333
"266","203507","Giannis Antetokounmpo","ShotClockShooting",46,44,"18-22",0.181,2.09,2.91,0.716,0.728,0.166,2.02,2.67,0.756,0.015,0.07,0.24,0.273
"267","203507","Giannis Antetokounmpo","ShotClockShooting",46,41,"15-18",0.138,1.15,2.22,0.52,0.529,0.119,1.11,1.91,0.58,0.019,0.04,0.3,0.143
"268","203507","Giannis Antetokounmpo","ShotClockShooting",46,46,"07-15",0.399,2.85,6.43,0.443,0.48,0.327,2.37,5.26,0.45,0.073,0.48,1.17,0.407
"269","203507","Giannis Antetokounmpo","ShotClockShooting",46,37,"04-07",0.107,0.85,1.72,0.494,0.5,0.089,0.83,1.43,0.576,0.018,0.02,0.28,0.077
"270","203507","Giannis Antetokounmpo","ShotClockShooting",46,30,"00-04",0.073,0.5,1.17,0.426,0.454,0.054,0.43,0.87,0.5,0.019,0.07,0.3,0.214
"271","203507","Giannis Antetokounmpo","ShotClockShooting",46,16,"ShotClock Off",0.03,0.24,0.48,0.5,0.545,0.02,0.2,0.33,0.6,0.009,0.04,0.15,0.286
"272","203507","Giannis Antetokounmpo","ShotClockShooting",46,1,"Not Captured",0.003,0.02,0.04,0.5,0.5,0.003,0.02,0.04,0.5,0,0,0,NA
"273","203507","Giannis Antetokounmpo","DribbleShooting",46,46,"0 Dribbles",0.389,3.85,6.26,0.615,0.655,0.285,3.35,4.59,0.73,0.104,0.5,1.67,0.299
"274","203507","Giannis Antetokounmpo","DribbleShooting",46,36,"1 Dribble",0.138,1.04,2.22,0.471,0.48,0.123,1,1.98,0.505,0.015,0.04,0.24,0.182
"275","203507","Giannis Antetokounmpo","DribbleShooting",46,41,"2 Dribbles",0.117,0.91,1.89,0.483,0.5,0.109,0.85,1.76,0.481,0.008,0.07,0.13,0.5
"276","203507","Giannis Antetokounmpo","DribbleShooting",46,46,"3-6 Dribbles",0.25,1.98,4.02,0.492,0.5,0.229,1.91,3.7,0.518,0.02,0.07,0.33,0.2
"277","203507","Giannis Antetokounmpo","DribbleShooting",46,36,"7+ Dribbles",0.107,0.74,1.72,0.43,0.449,0.097,0.67,1.57,0.431,0.009,0.07,0.15,0.429
"278","203507","Giannis Antetokounmpo","ClosestDefenderShooting",46,45,"0-2 very tight",0.223,2.13,3.59,0.594,0.594,0.221,2.13,3.57,0.598,0.001,0,0.02,0
"279","203507","Giannis Antetokounmpo","ClosestDefenderShooting",46,45,"2-4 tight",0.414,3.78,6.67,0.567,0.575,0.399,3.67,6.43,0.571,0.015,0.11,0.24,0.455
"280","203507","Giannis Antetokounmpo","ClosestDefenderShooting",46,44,"4-6 open",0.225,1.61,3.63,0.443,0.464,0.17,1.46,2.74,0.532,0.055,0.15,0.89,0.171
"281","203507","Giannis Antetokounmpo","ClosestDefenderShooting",46,42,"6+ wide open",0.138,1,2.22,0.451,0.559,0.053,0.52,0.85,0.615,0.085,0.48,1.37,0.349
"282","203507","Giannis Antetokounmpo","ClosestDefender10ftPlusShooting",46,10,"0-2 very tight",0.016,0.09,0.26,0.333,0.333,0.015,0.09,0.24,0.364,0.001,0,0.02,0
"283","203507","Giannis Antetokounmpo","ClosestDefender10ftPlusShooting",46,32,"2-4 tight",0.081,0.39,1.3,0.3,0.342,0.066,0.28,1.07,0.265,0.015,0.11,0.24,0.455
"284","203507","Giannis Antetokounmpo","ClosestDefender10ftPlusShooting",46,40,"4-6 open",0.154,0.85,2.48,0.342,0.373,0.099,0.7,1.59,0.438,0.055,0.15,0.89,0.171
"285","203507","Giannis Antetokounmpo","ClosestDefender10ftPlusShooting",46,39,"6+ wide open",0.119,0.7,1.91,0.364,0.489,0.034,0.22,0.54,0.4,0.085,0.48,1.37,0.349
"286","203507","Giannis Antetokounmpo","TouchTimeShooting",46,46,"Touch < 2 Seconds",0.409,4.17,6.59,0.634,0.672,0.309,3.67,4.98,0.738,0.1,0.5,1.61,0.311
"287","203507","Giannis Antetokounmpo","TouchTimeShooting",46,46,"Touch 2-6 Seconds",0.404,2.96,6.5,0.455,0.468,0.363,2.78,5.85,0.476,0.04,0.17,0.65,0.267
"288","203507","Giannis Antetokounmpo","TouchTimeShooting",46,45,"Touch 6+ Seconds",0.188,1.39,3.02,0.46,0.471,0.171,1.33,2.76,0.48,0.016,0.07,0.26,0.25
